{"InputLayer":{"ColsCount":6,"RowsCount":1,"Matrix1":[[0.158637717,0.3063302,0.129239514,0.374302417,0.126393884,0.122562788]]},"HiddenLayers":[{"ColsCount":10,"RowsCount":1,"Matrix1":[[0.5746422,0.3079607,0.182186231,-0.05344414,0.6464323,0.140890151,0.0241624173,0.246265024,0.743178964,0.369272858]]},{"ColsCount":10,"RowsCount":1,"Matrix1":[[-0.976119041,-0.618108451,-0.301029325,-0.789571464,-0.5175857,-0.6259768,-0.950618565,-0.867728055,-0.882549644,0.363889784]]}],"OutputLayer":{"ColsCount":3,"RowsCount":1,"Matrix1":[[0.4764241,-0.00339422,0.42194128]]},"Weights":[{"ColsCount":10,"RowsCount":6,"Matrix1":[[0.156598687,-0.2807747,-0.509470463,-0.341202378,0.6078942,-0.5292165,-0.823717356,-0.5312698,0.9177749,0.9390495],[-0.44179213,-0.7056761,0.396747559,-0.519392,0.640339136,-0.8567257,-0.08977568,-0.1897031,-0.288674,-0.5040064],[-0.51995945,-0.8713045,-0.197656274,-0.82164526,-0.0555704832,0.763098,0.252642125,0.020714879,0.6994331,0.759031057],[0.912305355,0.504137754,-0.478427768,0.08950198,0.907484055,0.1477524,-0.645765066,0.3855631,0.919660568,-0.07823241],[0.3573589,0.6619053,-0.3199135,-0.3705138,-0.9283974,0.7336712,0.939638853,0.05525863,0.4710147,-0.66803813],[0.6974797,0.48352477,0.233341813,-0.6586783,-0.804311752,-0.966166258,-0.7126963,-0.9802406,0.377225131,0.3968582]]},{"ColsCount":10,"RowsCount":10,"Matrix1":[[-0.3830129,-0.736358166,0.7451916,0.402800769,0.0280274153,0.5298505,-0.1856221,-0.846367359,0.321962565,0.840741634],[-0.450285316,-0.3873943,-0.47791326,-0.3581127,0.341279238,0.923638344,-0.954060555,0.3047261,-0.334125638,0.9690044],[0.625701666,0.8954501,-0.476566434,-0.7896838,0.68959856,0.7822957,0.715717554,-0.561104536,0.645958662,0.845756769],[-0.204542279,-0.512778044,0.65974164,-0.438557029,-0.71314,0.3241379,0.313018054,0.3647618,-0.882073164,-0.49399364],[-0.632065058,0.715636253,0.981912851,-0.987287045,-0.432798743,0.019941926,-0.9837508,-0.0468655825,-0.09775627,0.04457867],[-0.549351,0.7620442,-0.893768549,0.978287458,0.227671266,-0.191813111,0.9517021,0.5311036,-0.360978484,-0.8508959],[-0.11427176,0.314112157,0.7302122,0.4458637,0.8644433,-0.6005337,-0.331529737,0.0072106123,0.539447546,-0.260984778],[-0.761672258,-0.5272579,0.8186734,-0.0417500734,0.891055346,0.150370955,0.415020674,0.9027755,0.357479542,-0.2939514],[-0.695131063,0.257948369,-0.67691493,0.0383876562,-0.2783972,-0.544178963,-0.4296149,-0.170448661,-0.7414694,0.8772931],[0.156561017,-0.4617349,0.3908815,0.647954,0.528703,-0.5792594,0.0393527746,-0.300526261,-0.6259506,-0.6064265]]},{"ColsCount":3,"RowsCount":10,"Matrix1":[[0.5211847,0.08459771,0.155477166],[0.0580443144,-0.180630326,0.6163814],[-0.7661543,-0.9473145,-0.07945216],[-0.5592401,-0.8544698,0.100569844],[0.49815008,0.884836435,0.6407697],[-0.9268973,-0.0371471643,-0.7966442],[-0.499137282,-0.429927,-0.2930435],[-0.1803819,0.2763755,0.7430327],[0.184221864,0.57494545,-0.7245374],[-0.025184989,0.31907627,0.432062119]]}],"Biases":[0.359986275,-0.8389523,-0.335143447],"ActivationsFunction":[{"Delegate":{"delegateEntry":null},"target0":{},"method0":{"Name":"<.ctor>b__65_0","AssemblyName":"Assembly-CSharp, Version=0.0.0.0, Culture=neutral, PublicKeyToken=null","ClassName":"CarAI+<>c","Signature":"Single <.ctor>b__65_0(Single)","Signature2":"System.Single <.ctor>b__65_0(System.Single)","MemberType":8,"GenericArguments":null}},{"Delegate":{"delegateEntry":null},"target0":{},"method0":{"Name":"<.ctor>b__65_1","AssemblyName":"Assembly-CSharp, Version=0.0.0.0, Culture=neutral, PublicKeyToken=null","ClassName":"CarAI+<>c","Signature":"Single <.ctor>b__65_1(Single)","Signature2":"System.Single <.ctor>b__65_1(System.Single)","MemberType":8,"GenericArguments":null}},{"Delegate":{"delegateEntry":null},"target0":{},"method0":{"Name":"<.ctor>b__65_2","AssemblyName":"Assembly-CSharp, Version=0.0.0.0, Culture=neutral, PublicKeyToken=null","ClassName":"CarAI+<>c","Signature":"Single <.ctor>b__65_2(Single)","Signature2":"System.Single <.ctor>b__65_2(System.Single)","MemberType":8,"GenericArguments":null}}],"Fitness":0.0}